term,count
tea,855
shall,363
ceylon,213
quality,173
sri,166
lanka,138
leaf,114
green,113
leaves,104
teas,94
processing,78
production,76
part,74
tri,69
tips,68
use,66
used,61
relevant,61
authority,60
factory,59
management,57
black,56
soil,56
product,55
board,53
plucking,51
produce,50
including,47
good,47
name,47
contamination,44
country,43
control,43
products,42
area,42
sls,42
farm,42
health,41
plant,41
application,41
standard,39
system,39
water,39
high,38
established,38
total,38
grades,38
ensure,38
conditions,37
produces,37
workers,37
must,36
operations,36
standards,35
per,35
1523,35
planting,34
grade,34
safety,34
dsls,34
maintained,33
golden,32
areas,32
protection,32
silver,31
storage,31
pesticides,31
chemical,30
made,29
also,29
recommended,29
food,29
appropriate,29
geographical,29
materials,29
stored,29
flavor,28
cultivation,28
may,28
requirements,28
containers,28
cultivar,27
regions,27
orthodox,27
premium,27
crop,27
lankan,27
type,27
sltb,27
iso,27
registered,27
records,27
facilities,26
manner,26
land,26
low,25
profile,25
estates,25
without,25
auction,25
withering,25
different,25
white,25
material,25
practices,25
handling,25
character,24
rolling,24
harvesting,24
measures,24
hygiene,24
research,23
characteristics,23
conservation,23
https,23
equipment,23
pest,22
method,22
first,22
prevent,22
traceability,22
environmental,22
environment,22
particularly,21
liquor,21
field,21
level,21
clean,21
factories,21
recommendations,21
pesticide,21
number,21
act,21
exporters,21
produced,20
ctc,20
content,20
natural,20
pekoe,20
size,20
available,20
adequate,20
export,20
site,20
figure,20
consulted,20
region,19
medium,19
history,19
value,19
color,19
process,19
small,19
oxidation,19
consumption,19
avoid,19
following,19
place,19
producing,18
strength,18
notes,18
coffee,18
body,18
origin,18
within,18
broken,18
dust,18
risk,18
kept,18
details,18
packaging,18
waste,18
suitable,17
yield,17
potential,17
important,17
market,17
dry,17
buds,17
approximately,17
specific,17
moisture,17
final,17
guidelines,17
producers,17
fertilizer,17
mass,17
carried,17
collection,17
location,17
plan,17
fertilizers,17
resistance,16
blight,16
pruning,16
best,16
world,16
one,16
fine,16
lion,16
shoots,16
include,16
bud,16
harvested,16
necessary,16
according,16
fraction,16
transport,16
followed,16
record,16
recorded,16
date,16
disposal,16
shows,15
catechins,15
damage,15
aromatic,15
safe,15
logo,15
orange,15
young,15
global,15
plants,15
minimize,15
agricultural,15
time,15
plantation,15
maintain,15
max,15
defined,15
done,15
gap,15
blister,14
nematode,14
cultivars,14
represents,14
new,14
elevation,14
reputation,14
biodiversity,14
blending,14
grown,14
development,14
consumers,14
grading,14
shade,14
sources,14
gardens,14
human,14
agriculture,14
training,14
registration,14
year,14
colour,14
manufacturing,14
hygienic,14
personal,14
institute,13
commercial,13
mid,13
provide,13
aroma,13
markets,13
benefits,13
reduce,13
fields,13
larger,13
associated,13
bop,13
bags,13
fannings,13
similar,13
drying,13
proper,13
points,13
organic,13
producer,13
industry,13
national,13
colombo,13
trade,13
access,13
worker,13
every,13
2022,13
packets,13
applicable,13
cleaned,13
possible,13
designated,13
developed,12
strong,12
special,12
uva,12
prices,12
international,12
well,12
consistent,12
cup,12
infusion,12
smaller,12
estate,12
compounds,12
period,12
wet,12
techniques,12
temperature,12
bopf,12
physical,12
levels,12
poor,12
harvest,12
chain,12
brokers,12
minimum,12
order,12
min,12
required,12
specificities,12
procedure,12
accordance,12
cleaning,12
warehouse,12
methods,11
bright,11
growth,11
plantations,11
series,11
delicate,11
often,11
brightness,11
significant,11
present,11
selection,11
climate,11
january,11
weather,11
growing,11
controlled,11
source,11
two,11
regional,11
based,11
egcg,11
direct,11
coarse,11
factors,11
hand,11
contact,11
june,11
exempted,11
2021,11
flavouring,11
taken,11
species,11
personnel,11
due,10
disease,10
rainfall,10
distinctive,10
excellent,10
manufacture,10
local,10
nuwara,10
eliya,10
called,10
located,10
feet,10
results,10
light,10
keeping,10
whole,10
sorting,10
finished,10
processed,10
desired,10
mechanical,10
machines,10
free,10
authorities,10
form,10
plucked,10
assessment,10
machine,10
circular,10
cultural,10
nutrient,10
trademark,10
social,10
sustainability,10
island,10
compliance,10
page,10
soon,10
maximum,10
information,10
ash,10
section,10
regulatory,10
handled,10
policy,10
nursery,10
work,10
tolerance,9
drought,9
making,9
known,9
commands,9
ideal,9
compared,9
increasingly,9
applications,9
address,9
acceptable,9
combination,9
integrated,9
meters,9
season,9
less,9
traditional,9
volume,9
category,9
copper,9
appearance,9
presence,9
mixed,9
fbop,9
structure,9
fresh,9
includes,9
systems,9
caffeine,9
action,9
weight,9
effects,9
polyphenols,9
preparation,9
tender,9
efficiency,9
maintenance,9
indication,9
energy,9
extension,9
chemicals,9
involved,9
therefore,9
weed,9
comply,9
elements,9
steps,9
packing,9
code,9
basis,9
packed,9
supplier,9
ministry,9
trained,9
managed,9
case,9
protective,9
appropriately,9
procedures,9
designed,9
actions,9
characteristic,8
specialty,8
regular,8
complexity,8
make,8
popular,8
among,8
superior,8
specifically,8
pests,8
using,8
economic,8
early,8
highest,8
bush,8
kandy,8
typically,8
complex,8
bitterness,8
properly,8
tip,8
indicates,8
particles,8
excessive,8
fbopf,8
theaflavins,8
monitored,8
change,8
air,8
100,8
daily,8
key,8
diseases,8
day,8
practice,8
productivity,8
mechanization,8
increase,8
follow,8
exporter,8
countries,8
promotion,8
fair,8
foreign,8
raw,8
score,8
batch,8
transportation,8
historical,8
committee,8
advisory,8
publications,8
residues,8
etc,8
2011,8
respective,8
given,8
pu4,8
requirement,8
operation,8
instant,8
kgs,8
fibre,8
specifications,8
legal,8
take,8
identified,8
derived,8
approved,8
quantity,8
blend,8
official,8
operators,8
tshda,8
working,8
protected,8
business,8
sites,8
hazards,8
implemented,8
machinery,8
exceptional,7
patterns,7
unique,7
antioxidant,7
properties,7
enhance,7
recognized,7
yields,7
reduced,7
replanting,7
programs,7
inputs,7
maintaining,7
monsoon,7
means,7
drinking,7
bold,7
despite,7
improved,7
higher,7
certification,7
regardless,7
preserve,7
integrity,7
op1,7
contain,7
throughout,7
requires,7
labor,7
quantities,7
common,7
hours,7
step,7
enzymes,7
twisted,7
shape,7
thearubigins,7
finally,7
uses,7
achieve,7
point,7
ensuring,7
essential,7
types,7
responsible,7
acid,7
function,7
stems,7
monitoring,7
however,7
bushes,7
signs,7
price,7
sustainable,7
establishment,7
criteria,7
london,7
manual,7
symbol,7
centre,7
map,7
issued,7
bulk,7
list,7
pu2,7
pu3,7
way,7
provided,7
test,7
2005,7
2013,7
condition,7
controls,7
preferably,7
transported,7
flavour,7
moscow,7
identification,7
identify,7
industries,7
regulations,7
farms,7
clearly,7
pollution,7
instructions,7
store,7
documented,7
weighing,7
2025,6
elevations,6
valuable,6
resulting,6
performance,6
temperatures,6
blends,6
qualities,6
resistant,6
characterized,6
combined,6
providing,6
major,6
report,6
lands,6
treatment,6
representing,6
hole,6
diversity,6
prized,6
eastern,6
finest,6
various,6
brewing,6
adjacent,6
astringency,6
brewed,6
recognition,6
three,6
main,6
contains,6
long,6
wiry,6
visible,6
flowery,6
refers,6
reserved,6
limited,6
largest,6
quickly,6
times,6
allows,6
considered,6
like,6
though,6
substrates,6
hot,6
activity,6
stalk,6
improve,6
cognitive,6
mechanisms,6
evidence,6
attention,6
pluckers,6
woody,6
interval,6
periods,6
table,6
seasons,6
employment,6
sector,6
impacts,6
auctions,6
sales,6
japan,6
competition,6
erosion,6
events,6
tasters,6
scale,6
acres,6
adapted,6
primary,6
british,6
knowledge,6
centers,6
processes,6
weeds,6
agronomic,6
biological,6
promote,6
usage,6
residue,6
mrls,6
rights,6
recording,6
guideline,6
crops,6
density,6
data,6
issue,6
ref,6
basic,6
wherever,6
516,6
specification,6
sensory,6
link,6
collectors,6
opa,6
fngs,6
forest,6
vehicles,6
aeration,6
package,6
public,6
mapi,6
put,6
sale,6
supply,6
propaganda,6
today,6
party,6
principles,6
companies,6
sheet,6
competent,6
activities,6
inspection,6
manda,6
minimizing,6
effective,6
calibrated,6
empty,6
vicinity,6
recycling,6
packages,6
additional,5
fermentation,5
moderate,5
economically,5
2023,5
valued,5
soils,5
losses,5
reducing,5
provides,5
2019,5
need,5
balanced,5
features,5
dimbula,5
creates,5
exposure,5
central,5
july,5
slightly,5
zone,5
contribute,5
composition,5
create,5
preparations,5
many,5
influence,5
amino,5
oxidized,5
careful,5
classification,5
matter,5
unopened,5
visual,5
selective,5
infusions,5
brisk,5
bop1,5
bag,5
exports,5
particle,5
manufacturers,5
least,5
shorter,5
aspects,5
taste,5
follows,5
cut,5
varies,5
surface,5
involves,5
determines,5
determined,5
steaming,5
metabolic,5
capacity,5
beneficial,5
original,5
found,5
promoting,5
studies,5
support,5
limit,5
minimizes,5
changing,5
select,5
strict,5
intensity,5
mature,5
reject,5
supervision,5
days,5
depending,5
dormant,5
organisms,5
holes,5
heavy,5
risks,5
irrigation,5
million,5
private,5
china,5
consumer,5
welfare,5
trees,5
impact,5
opened,5
approach,5
planter,5
taylor,5
existing,5
adopted,5
century,5
conduct,5
employee,5
news,5
annual,5
limits,5
growers,5
labour,5
since,5
practiced,5
rain,5
end,5
mqs,5
aiming,5
specified,5
addition,5
description,5
animal,5
domestic,5
flaky,5
gun,5
powder,5
chun,5
mee,5
gives,5
either,5
commissioner,5
sacks,5
floor,5
panning,5
amount,5
packaged,5
became,5
ordinance,5
campaign,5
brand,5
conducted,5
ownership,5
manufacturer,5
regarding,5
supplied,5
garden,5
invoice,5
bodies,5
614,5
clothing,5
farming,5
disposed,5
layout,5
laws,5
fire,5
operator,5
rates,5
streams,5
regularly,5
prevents,5
aware,5
spray,5
accidents,5
contaminations,5
center,5
captured,5
cultivated,4
released,4
2043,4
makes,4
suited,4
especially,4
climatic,4
attractive,4
smallholders,4
susceptible,4
heavily,4
infested,4
highly,4
pressure,4
become,4
seek,4
4006,4
causes,4
varieties,4
choice,4
offers,4
plantings,4
priority,4
5001,4
5000,4
notably,4
shot,4
borer,4
enhanced,4
offering,4
across,4
cool,4
districts,4
occurs,4
causing,4
uda,4
pussellawa,4
subtle,4
milk,4
ruhuna,4
dark,4
output,4
categories,4
flavors,4
balance,4
acids,4
substances,4
guarantees,4
term,4
consists,4
carefully,4
rolled,4
indicating,4
appear,4
releases,4
brew,4
fiber,4
efficient,4
cups,4
much,4
covering,4
kilograms,4
kilogram,4
gold,4
amber,4
minimal,4
even,4
critical,4
convert,4
humidity,4
reduces,4
stability,4
tear,4
curl,4
focus,4
purposes,4
optimal,4
remove,4
withered,4
profiles,4
manufactured,4
cardiovascular,4
another,4
still,4
sinensis,4
help,4
show,4
blood,4
cross,4
shown,4
laboratory,4
appears,4
rate,4
healthy,4
loss,4
people,4
absorption,4
contaminants,4
large,4
skilled,4
right,4
stage,4
develop,4
implement,4
rounds,4
allow,4
cost,4
developing,4
cause,4
feed,4
branches,4
affected,4
entire,4
wood,4
geographic,4
weekly,4
wages,4
evaluation,4
replaced,4
introduction,4
technology,4
samples,4
licensed,4
sold,4
oldest,4
marketing,4
staff,4
organization,4
facility,4
purchase,4
circulars,4
last,4
via,4
rational,4
moreover,4
subjected,4
applied,4
active,4
copyright,4
publication,4
permission,4
facilitate,4
conventional,4
post,4
avoided,4
prior,4
bio,4
annexure,4
1975,4
guided,4
stipulated,4
importing,4
microbiological,4
permitted,4
guidance,4
regulation,4
media,4
flavours,4
current,4
government,4
implementation,4
association,4
words,4
delimitated,4
could,4
pf1,4
transparency,4
lightly,4
dominant,4
bakery,4
vegetal,4
equal,4
propagation,4
respect,4
frequency,4
crates,4
collector,4
bed,4
optimum,4
prepared,4
paper,4
result,4
complying,4
compliant,4
planters,4
years,4
topography,4
turn,4
consideration,4
efforts,4
1980,4
aid,4
masters,4
houses,4
obtain,4
officers,4
ensured,4
internal,4
documents,4
farmer,4
fermenting,4
inspections,4
employees,4
environmentally,4
potable,4
analysis,4
design,4
purpose,4
apply,4
demonstrate,4
precautions,4
animals,4
conform,4
sterilization,4
legislation,4
treatments,4
reuse,4
traceable,4
undertaken,4
encouraged,4
delivery,4
labeled,4
dosage,4
sanitation,4
away,4
able,4
emergency,4
ventilation,4
crushing,4
sufficient,4
clear,4
intended,4
lubricants,4
habitats,4
packer,4
demonstrates,3
pratylenchus,3
loosi,3
beyond,3
pleasant,3
attacks,3
recovery,3
cooler,3
3013,3
celebrated,3
offerings,3
3019,3
stands,3
fungicide,3
costs,3
4052,3
tend,3
4053,3
multiple,3
breeding,3
premiums,3
5003,3
lines,3
meet,3
release,3
seeking,3
reliable,3
proven,3
deniyaya,3
adaptation,3
exceeding,3
briskness,3
western,3
ranging,3
hints,3
ranges,3
full,3
preferences,3
altitude,3
pattern,3
wind,3
introduced,3
middle,3
share,3
lower,3
rich,3
represent,3
encompasses,3
galle,3
sea,3
sabaragamuwa,3
gained,3
abundant,3
contributing,3
overall,3
modern,3
everyday,3
fundamentally,3
accumulation,3
flavoring,3
designation,3
uniform,3
fop,3
tgfop,3
enhancement,3
added,3
accounting,3
quick,3
rapid,3
length,3
almost,3
pale,3
honey,3
traditionally,3
pronounced,3
citrus,3
second,3
chinese,3
drinkers,3
prefer,3
stimulating,3
pliable,3
minutes,3
cell,3
walls,3
mechanized,3
taking,3
around,3
soft,3
changes,3
compound,3
harsh,3
troughs,3
polyphenol,3
fixing,3
burnt,3
enzymatic,3
separate,3
sizes,3
ensures,3
preserving,3
oolong,3
partially,3
typical,3
cells,3
measured,3
affects,3
retains,3
family,3
positive,3
exclusively,3
camellia,3
increases,3
state,3
protect,3
generally,3
women,3
iron,3
undergo,3
population,3
imperial,3
open,3
covers,3
technique,3
viable,3
range,3
longer,3
next,3
close,3
harvesters,3
situations,3
devastating,3
initially,3
continuous,3
yellowing,3
fungal,3
flow,3
nutrition,3
entry,3
mite,3
discoloration,3
outbreaks,3
mites,3
ecosystems,3
hectares,3
reach,3
russia,3
together,3
certifications,3
community,3
gender,3
increasing,3
timing,3
tree,3
infused,3
absence,3
tasting,3
terms,3
opportunities,3
identifies,3
age,3
indicators,3
freshness,3
objective,3
texture,3
bruising,3
rust,3
james,3
rapidly,3
built,3
crude,3
innovations,3
operates,3
buyers,3
sample,3
featuring,3
owned,3
originates,3
justify,3
grievance,3
dissemination,3
units,3
line,3
vacancies,3
updated,3
august,3
2020,3
serial,3
2008,3
stages,3
concern,3
set,3
intervals,3
sprayed,3
would,3
october,3
listed,3
ppm,3
hydroxide,3
reproduced,3
transmitted,3
electronic,3
photocopying,3
retrieval,3
director,3
december,3
timely,3
space,3
spacing,3
commonly,3
thus,3
particular,3
paid,3
cover,3
unless,3
monthly,3
reclaimed,3
unit,3
revised,3
11287,3
directives,3
law,3
hazard,3
assured,3
metals,3
count,3
concerned,3
mrl,3
general,3
labelling,3
purity,3
worldwide,3
agency,3
institution,3
holdings,3
office,3
intellectual,3
property,3
owner,3
back,3
started,3
packs,3
placed,3
leafy,3
neat,3
style,3
fbopf1,3
twist,3
curly,3
grainy,3
bp1,3
blended,3
velvety,3
salty,3
metallic,3
umami,3
aromas,3
families,3
fruity,3
fruit,3
yellow,3
marine,3
cooked,3
obtained,3
delimited,3
immature,3
damaged,3
gate,3
load,3
equipped,3
shelves,3
pure,3
check,3
firing,3
sorted,3
numerous,3
serve,3
snippets,3
lot,3
exported,3
great,3
exhibition,3
consignment,3
promoted,3
effectively,3
along,3
australia,3
commonwealth,3
already,3
mark,3
far,3
sketch,3
team,3
named,3
ambassador,3
jayatilleka,3
inaugurates,3
zones,3
accurate,3
reference,3
stakeholders,3
premises,3
operational,3
online,3
mandatory,3
charge,3
grower,3
collected,3
received,3
invoices,3
appointed,3
division,3
sanction,3
sanctions,3
fac,3
torysub,3
miss,3
ion,3
3tyof,3
draft,3
authorized,3
regard,3
establish,3
fauna,3
flora,3
statutory,3
legally,3
compatible,3
sprayers,3
deforestation,3
conserved,3
non,3
persons,3
resource,3
trace,3
outline,3
program,3
proximity,3
hazardous,3
locations,3
agro,3
grace,3
pre,3
come,3
recycled,3
selected,3
safeguard,3
correct,3
manures,3
liquid,3
manure,3
inventory,3
tools,3
restricted,3
surplus,3
warning,3
ppe,3
separately,3
mixing,3
telephone,3
operating,3
mode,3
buying,3
toilets,3
boxes,3
assure,3
bins,3
constructed,3
disinfection,3
occupational,3
receive,3
displayed,3
visitors,3
disinfectants,3
cleanliness,3
complied,3
pallets,3
security,3
corrective,3
ppes,3
wildlife,3
audit,3
availability,3
mechanism,3
variety,2
originated,2
exhibits,2
caused,2
exobasidium,2
vexans,2
purple,2
2026,2
performs,2
exceptionally,2
habit,2
humid,2
intense,2
advanced,2
dual,2
populations,2
practical,2
expensive,2
latest,2
improvement,2
euwallacea,2
fornicatus,2
5002,2
noted,2
fully,2
realized,2
focusing,2
segments,2
combines,2
advantages,2
earlier,2
5004,2
initial,2
parameters,2
extreme,2
several,2
selections,2
genetic,2
average,2
slow,2
concentrates,2
tones,2
fragrance,2
cypress,2
winds,2
wine,2
pinnacle,2
renowned,2
hue,2
mellow,2
versatile,2
april,2
southwest,2
benchmark,2
exotic,2
northeast,2
slopes,2
highlands,2
experiences,2
unlike,2
famous,2
september,2
smooth,2
coppery,2
thomas,2
lipton,2
european,2
internationally,2
origins,2
ancient,2
capital,2
holds,2
significance,2
began,2
faster,2
robust,2
malty,2
morning,2
southern,2
matara,2
600,2
delicacy,2
sugar,2
supports,2
effect,2
command,2
likely,2
derives,2
dutch,2
house,2
releasing,2
distinguished,2
greater,2
refined,2
favor,2
concentrations,2
appeal,2
sweetness,2
stronger,2
loose,2
satisfying,2
comes,2
convenience,2
format,2
created,2
extraction,2
notable,2
flavorful,2
offer,2
consisting,2
sunrise,2
hairs,2
measure,2
extraordinary,2
floral,2
enjoyed,2
coloration,2
develops,2
slight,2
referring,2
toward,2
remains,2
extensively,2
efficiently,2
ideally,2
lasting,2
breaks,2
halts,2
shelf,2
invented,2
preserves,2
rollers,2
hard,2
maintains,2
demands,2
influences,2
breakage,2
takes,2
flat,2
serves,2
manager,2
undergoes,2
uniformity,2
heated,2
potent,2
catechin,2
vitamins,2
neuroprotection,2
polyphenolic,2
four,2
epigallocatechin,2
gallate,2
ecg,2
epicatechin,2
egc,2
reason,2
brain,2
stress,2
sleep,2
japanese,2
consistently,2
cholesterol,2
attack,2
reduction,2
diet,2
linked,2
decline,2
sustained,2
tasks,2
exercise,2
sensitivity,2
solution,2
consider,2
potentially,2
intake,2
individual,2
later,2
advised,2
meals,2
others,2
occur,2
skill,2
damaging,2
certain,2
assigns,2
shortages,2
round,2
successive,2
flush,2
shoot,2
damages,2
matters,2
powdery,2
severe,2
defoliation,2
shift,2
symptoms,2
options,2
tolerant,2
beetle,2
infestations,2
live,2
inside,2
foliar,2
tiny,2
contents,2
surfaces,2
globally,2
challenges,2
contracts,2
150,2
turkey,2
uae,2
east,2
germany,2
vary,2
india,2
alternatives,2
rainforest,2
alliance,2
carbon,2
pricing,2
investment,2
habitat,2
corridors,2
terrain,2
renewable,2
adoption,2
demand,2
sustainably,2
threats,2
altered,2
frequent,2
secondary,2
strategies,2
focuses,2
professional,2
systematic,2
protocol,2
aims,2
expertise,2
baseline,2
attributes,2
better,2
project,2
classify,2
decision,2
checked,2
reliance,2
variability,2
old,2
spots,2
automated,2
expert,2
enabling,2
quantitative,2
scores,2
multiplied,2
scottish,2
district,2
assam,2
experimental,2
1890s,2
completely,2
infrastructure,2
era,2
sophisticated,2
roller,2
20th,2
1883,2
colonial,2
chamber,2
commerce,2
sessions,2
bidding,2
experienced,2
decisions,2
discovery,2
digital,2
fundamental,2
holding,2
packers,2
protects,2
specify,2
assurance,2
trust,2
kalutara,2
divisions,2
economics,2
microbial,2
videos,2
session,2
services,2
monographs,2
reports,2
privacy,2
notice,2
19th,2
november,2
insect,2
manage,2
friendly,2
insects,2
commodity,2
advisable,2
acceptance,2
periodically,2
adhere,2
ratio,2
oxide,2
hexaconazole,2
propiconazole,2
tebuconazole,2
diazinon,2
fipronil,2
sodium,2
diuron,2
oxyfluorfen,2
writing,2
introduce,2
objectives,2
complete,2
facilitating,2
dense,2
double,2
hedge,2
intensive,2
successfully,2
exposed,2
mulching,2
theoretical,2
hectare,2
lead,2
talawakelle,2
statistics,2
figures,2
excluding,2
inclusive,2
qty,2
3kg,2
2024,2
782,2
3720,2
extract,2
soluble,2
alkalinity,2
koh,2
insoluble,2
power,2
tax,2
1959,2
subsequent,2
amendments,2
destination,2
atomic,2
spectrophotometry,2
flame,2
absent,2
1992,2
parties,2
importer,2
permissible,2
decided,2
applicant,2
foodstuff,2
applies,2
rules,2
concerning,2
concise,2
definition,2
causal,2
annexures,2
annex,2
chart,2
administrative,2
representatives,2
certificate,2
2003,2
renewal,2
2018,2
protecting,2
class,2
version,2
described,2
devoid,2
neater,2
choppy,2
shotty,2
semi,2
fbopfexsp,2
dust1,2
reasonably,2
corresponding,2
granular,2
fngs1,2
fibrous,2
sencha,2
hyson,2
originating,2
flavoured,2
prune,2
vegetable,2
toasted,2
sensations,2
adapt,2
seasonal,2
undamaged,2
parts,2
vps,2
seedlings,2
iwm,2
week,2
preventive,2
weeding,2
delivered,2
lorries,2
upon,2
rotorvane,2
spread,2
tables,2
reactions,2
correction,2
arrests,2
invoiced,2
inactivate,2
removed,2
authenticity,2
nature,2
containing,2
135,2
conforming,2
prominent,2
allowed,2
showed,2
span,2
looking,2
near,2
try,2
imported,2
attempted,2
tropical,2
volumes,2
rule,2
independence,2
sielen,2
february,2
enacted,2
democratic,2
socialist,2
republic,2
states,2
20and,2
20https,2
rare,2
1891,2
mincing,2
lane,2
american,2
bonus,2
resumed,2
newspaper,2
press,2
superb,2
kind,2
ever,2
offered,2
advertisement,2
exposition,2
glorious,2
lumbini,2
valley,2
ancestor,2
mean,2
deployed,2
bureaux,2
promotional,2
relating,2
newly,2
summer,2
games,2
printed,2
currently,2
borders,2
thanks,2
decades,2
role,2
2017,2
canberra,2
ankara,2
partner,2
cricket,2
birmingham,2
stall,2
mission,2
left,2
west,2
guardian,2
affairs,2
participating,2
exhibitions,2
saudi,2
organoleptic,2
600m,2
1200m,2
mountains,2
side,2
rainy,2
duration,2
aers,2
see,2
favourable,2
optimize,2
shared,2
experience,2
moppett,2
1922,2
edition,2
heritage,2
artisanal,2
book,2
officer,2
holder,2
whereas,2
delegated,2
employed,2
little,2
est,2
wide,2
beverage,2
respond,2
build,2
references,2
fall,2
customer,2
submitted,2
proportion,2
tester,2
instance,2
independent,2
directly,2
whether,2
month,2
composed,2
explained,2
headed,2
scope,2
purview,2
dedicated,2
inspectors,2
return,2
grid,2
stakeholder,2
event,2
tlrs,2
tor,2
nth,2
num,2
ber,2
leafsup,2
plier,2
llec,2
tory,2
supp,2
liers,2
leafre,2
cei,2
tgivenby,2
collectoror,2
fact,2
ory,2
ppl,2
cap,2
ihe,2
item,2
behavior,2
consume,2
considering,2
negative,2
enhancing,2
seed,2
person,2
sound,2
socially,2
entities,2
organizations,2
laid,2
genetically,2
modified,2
tests,2
1465,2
1484,2
rooms,2
1608,2
knapsack,2
1609,2
definitions,2
stalks,2
ipm,2
strategy,2
injury,2
cropping,2
living,2
surrounding,2
periodic,2
carry,2
industrial,2
contaminate,2
humans,2
account,2
mulch,2
cleared,2
sterilize,2
construction,2
sun,2
legislations,2
suitability,2
reserves,2
substrate,2
programmes,2
compaction,2
mulches,2
herbicides,2
herbicide,2
exists,2
care,2
minimized,2
mixtures,2
hall,2
inorganic,2
nutrients,2
solid,2
eliminate,2
pathogens,2
contaminating,2
leaching,2
spraying,2
separated,2
sewage,2
treated,2
confirmed,2
regu,2
label,2
banned,2
neighboring,2
measuring,2
danger,2
safely,2
mixes,2
wash,2
adhered,2
prescribed,2
calibration,2
mix,2
tank,2
washings,2
spillage,2
rinsed,2
bringing,2
bearing,2
programme,2
reception,2
deterioration,2
complies,2
transporting,2
hands,2
structures,2
dirt,2
decaying,2
lubricant,2
contaminant,2
detrimental,2
transfer,2
temporary,2
instruction,2
loading,2
biodegradable,2
nutritional,2
birds,2
moistening,2
processor,2
msds,2
group,2
lighting,2
adequately,2
issues,2
wear,2
smoking,2
eating,2
prevention,2
washing,2
agents,2
lamps,2
fuel,2
items,2
effectiveness,2
arising,2
marked,2
artificial,2
flavored,2
dispatched,2
dispatch,2
informed,2
seal,2
representative,2
complaint,2
accident,2
workforce,2
symbols,2
entity,2
related,2
quarters,2
child,2
casual,2
prohibited,2
native,2
threatened,2
endangered,2
park,2
conserve,2
unproductive,2
debris,2
marking,2
bar,2
otherwise,2
insurance,2
company,2
cum,2
retail,2
widely,1
asm,1
clone,1
adaptability,1
remarkable,1
versatility,1
thriving,1
additionally,1
possesses,1
irregular,1
anthocyanin,1
anthocyanins,1
rarity,1
vigorous,1
compensates,1
belongs,1
3000,1
misty,1
thrives,1
finer,1
rated,1
invaluable,1
4000,1
problem,1
substantial,1
requiring,1
showing,1
approaches,1
satisfactory,1
broad,1
spectrum,1
newest,1
advances,1
previous,1
generations,1
adopters,1
alongside,1
susceptibility,1
inherited,1
addresses,1
continuing,1
expectations,1
completes,1
specialization,1
single,1
trait,1
diversified,1
commercially,1
dg7,1
dt1,1
unreliable,1
dun7,1
dun,1
complement,1
england,1
rarely,1
lightest,1
exquisite,1
bouquet,1
wild,1
mint,1
eucalyptus,1
distinguish,1
march,1
champagne,1
excellence,1
earliest,1
planted,1
devastated,1
1870s,1
refreshingly,1
jasmine,1
influenced,1
monsoons,1
cachan,1
sweeps,1
dehydrate,1
famously,1
americans,1
establishing,1
lies,1
transitions,1
aligns,1
southeast,1
prevail,1
pinkish,1
gaining,1
connoisseurs,1
royal,1
situated,1
relatively,1
pair,1
distinctively,1
warmer,1
accelerates,1
highland,1
quite,1
perform,1
portion,1
smallholder,1
farmers,1
southwestern,1
caramel,1
spice,1
rival,1
classified,1
relates,1
allowing,1
thin,1
unfurl,1
beautifully,1
bodied,1
youngest,1
tier,1
sought,1
presentations,1
historically,1
terminology,1
silvery,1
strands,1
darker,1
gentle,1
enhances,1
showcase,1
tippy,1
elite,1
abundance,1
describes,1
productions,1
principal,1
breaking,1
actually,1
concentrated,1
coarser,1
expect,1
combining,1
want,1
convenient,1
absolute,1
entirely,1
downy,1
centimeters,1
minimally,1
colorless,1
remarkably,1
pine,1
appreciate,1
nuances,1
begin,1
retaining,1
rose,1
peach,1
meticulous,1
tightly,1
meaning,1
wiriness,1
hint,1
shifted,1
unglamorous,1
instantly,1
deeply,1
colored,1
economy,1
priorities,1
lacks,1
subtlety,1
delivers,1
begins,1
incorrectly,1
layered,1
distinct,1
distinguishes,1
crush,1
sir,1
william,1
mckercher,1
serrated,1
pellets,1
dominates,1
iced,1
masala,1
chai,1
preventing,1
initiates,1
biochemical,1
redistribution,1
greenish,1
lifeless,1
airflow,1
interact,1
shapes,1
juices,1
onto,1
specialized,1
oxidase,1
precise,1
dryers,1
continues,1
altering,1
sieves,1
electrostatic,1
sorters,1
designations,1
simply,1
dried,1
deactivate,1
creating,1
primarily,1
niche,1
240ml,1
187mg,1
powerful,1
capable,1
neutralizing,1
harmful,1
radicals,1
studied,1
assays,1
converts,1
comprise,1
potency,1
ranks,1
healthier,1
outcomes,1
calming,1
drowsiness,1
alpha,1
wave,1
relaxed,1
alertness,1
works,1
synergistically,1
theanine,1
smooths,1
alert,1
jitters,1
anxiety,1
gyokuro,1
mental,1
meditators,1
scholars,1
epidemiological,1
ldl,1
atherosclerotic,1
plaque,1
formation,1
improves,1
endothelial,1
helping,1
vessels,1
dilate,1
indicate,1
heart,1
stroke,1
vessel,1
mild,1
lipid,1
differ,1
enough,1
recognize,1
singapore,1
longitudinal,1
study,1
impairment,1
barrier,1
neurons,1
alzheimer,1
parkinson,1
ritual,1
mindfulness,1
lifespan,1
fat,1
rest,1
suggest,1
modestly,1
insulin,1
regulate,1
glucose,1
chronic,1
inflammation,1
syndrome,1
clinical,1
trials,1
modest,1
magic,1
adults,1
meaningful,1
disruption,1
pregnant,1
200mg,1
interfere,1
consumed,1
rather,1
foods,1
reputable,1
deep,1
antiviral,1
meaningfully,1
locally,1
concentration,1
leaving,1
recommend,1
enforce,1
dew,1
extremely,1
severely,1
compromises,1
desirable,1
add,1
harshness,1
contribution,1
weak,1
penalized,1
leading,1
payment,1
alone,1
harvests,1
emerge,1
removes,1
cleanly,1
debate,1
percentages,1
impossible,1
height,1
predominates,1
swellings,1
spore,1
masses,1
undersurface,1
infections,1
distortion,1
favorable,1
infected,1
circulation,1
affecting,1
microscopic,1
worms,1
roots,1
lesions,1
impair,1
uptake,1
stunted,1
progressive,1
mistaken,1
deficiency,1
lose,1
problematic,1
fumigation,1
encourage,1
establishments,1
ambrosia,1
bores,1
cultivate,1
larvae,1
weakens,1
disrupts,1
dieback,1
sections,1
kill,1
stressed,1
vulnerability,1
sawdust,1
wilting,1
staining,1
removing,1
destroying,1
vigor,1
difficult,1
beetles,1
red,1
spider,1
oligonychus,1
coffeae,1
arachnids,1
undersurfaces,1
puncturing,1
extracting,1
bronze,1
reddish,1
upper,1
webbing,1
underneath,1
photosynthesis,1
impacting,1
explosions,1
enemies,1
predatory,1
sometimes,1
disrupting,1
avoiding,1
nitrogen,1
fertilization,1
excluded,1
fourth,1
tonnes,1
annually,1
accounts,1
gdp,1
indirect,1
reaching,1
faces,1
aging,1
volatility,1
diversification,1
ongoing,1
strategic,1
authentic,1
sells,1
bypass,1
terroir,1
appreciation,1
iran,1
iraq,1
syria,1
cis,1
absorb,1
usa,1
significantly,1
lighter,1
europeans,1
differentiates,1
kenya,1
emphasizes,1
viability,1
schemes,1
fairtrade,1
utz,1
agrochemical,1
footprint,1
equity,1
profitable,1
adopt,1
steep,1
incentives,1
supporting,1
poses,1
vulnerable,1
stresses,1
waterlogging,1
benefit,1
warming,1
face,1
uncertainty,1
understanding,1
resilient,1
assessed,1
consistency,1
grams,1
140ml,1
boiling,1
exactly,1
reveals,1
vocabularies,1
hundreds,1
descriptive,1
graded,1
numerically,1
cataloguing,1
expected,1
automate,1
reserving,1
determination,1
interactions,1
profoundly,1
slower,1
transforms,1
optimized,1
degrade,1
diminish,1
computer,1
vision,1
learning,1
five,1
intact,1
detects,1
overmature,1
recognizes,1
hierarchy,1
maturity,1
attached,1
minor,1
imperfections,1
displays,1
thick,1
stiff,1
hardened,1
leathery,1
brown,1
tears,1
possibly,1
markers,1
align,1
enable,1
scoring,1
numerical,1
values,1
calculated,1
weighted,1
sum,1
divided,1
example,1
enables,1
tracking,1
optimization,1
emerged,1
ashes,1
epidemic,1
hemileia,1
vastatrix,1
destroyed,1
loolecondera,1
1867,1
seeds,1
plot,1
expanded,1
converted,1
1872,1
shipment,1
reached,1
helped,1
popularize,1
1900,1
facilitated,1
force,1
networks,1
evolved,1
sirocco,1
dryer,1
1877,1
revolutionized,1
1880s,1
engineer,1
jackson,1
fan,1
standardized,1
becoming,1
signature,1
elsewhere,1
combine,1
contemporary,1
evolution,1
gains,1
preservation,1
trading,1
tuesday,1
sellers,1
catalogued,1
descriptors,1
intelligence,1
modernizing,1
trades,1
remainder,1
arrangements,1
marks,1
administered,1
meets,1
sword,1
helps,1
combat,1
counterfeit,1
trademarks,1
ආයතනය,1
search,1
home,1
senior,1
coombs,1
joachim,1
mis,1
login,1
agronomy,1
entomology,1
nematology,1
physiology,1
pathology,1
biochemistry,1
trending,1
mobile,1
motorized,1
harvester,1
tto,1
publicity,1
brainstorming,1
nst,1
analytical,1
centenary,1
intsym100,1
sljts,1
notices,1
placements,1
suppliers,1
tenders,1
call,1
eoi,1
rti,1
view,1
journal,1
periodicals,1
books,1
posters,1
wallcharts,1
disclaimer,1
visit,1
25615,1
lankacom,1
facebook,1
linkedin,1
youtube,1
google,1
mail,1
2012,1
supersedes,1
pu1,1
fungicides,1
insecticides,1
acaricides,1
nematicides,1
weedicides,1
nematodes,1
respectively,1
strengthen,1
foliage,1
phi,1
unsprayed,1
mrlfor,1
ingredient,1
bitertanol,1
oxychloride,1
carbofuran,1
chlorfluazuron,1
imidacloprid,1
sulfur,1
dazomet,1
metam,1
glyphosate,1
mcpa,1
paraquat,1
insecticide,1
nematicide,1
weedicide,1
hence,1
presently,1
facing,1
acute,1
shortage,1
accomplish,1
task,1
reduc,1
improv,1
eas,1
attitudes,1
mobility,1
canopy,1
architecture,1
obstacles,1
path,1
paves,1
mechanizing,1
amenable,1
considerations,1
require,1
considerable,1
undulating,1
ver,1
bout,1
casualties,1
unfertile,1
retention,1
prone,1
furthermore,1
hardy,1
disadvantages,1
increased,1
par,1
curved,1
blades,1
schematic,1
diagram,1
arrangement,1
scanning,1
written,1
processproduction,1
elevationsales,1
directsub,1
pricereexportexport,1
cumulative,1
wise,1
gross,1
fob,1
925,1
grand,1
445,1
716,1
503,1
377,1
745,1
253,1
275,1
284,1
424,1
343,1
701,1
412,1
decjun,1
aug,1
sep,1
oct,1
jan,1
feb,1
mar,1
apr,1
amd,1
voluntary,1
custom,1
port,1
extraneous,1
detectable,1
metal,1
ferrous,1
300,1
zinc,1
cadmium,1
aas,1
icp,1
inductive,1
coupled,1
plasma,1
spectroscopy,1
afs,1
emission,1
ffm,1
photometry,1
plate,1
yeast,1
moulds,1
coliform,1
4831,1
2006,1
7251,1
salmonella,1
note,1
seventeen,1
importantly,1
xporters,1
calcium,1
chlorantraniliprole,1
fluopyram,1
glufosinate,1
ammonium,1
glyposate,1
sulphur,1
denotes,1
default,1
issuance,1
subject,1
periodical,1
revision,1
behalf,1
processors,1
1976,1
representation,1
holders,1
packagers,1
responsibility,1
trader,1
dated,1
bears,1
renewed,1
comprising,1
92015,1
hereinafter,1
valid,1
word,1
emblem,1
wording,1
goes,1
1940,1
officially,1
49112,1
nomenclature,1
vane,1
pekoe1,1
bopa,1
fbop1,1
fbopfsp,1
leafier,1
bps,1
bop1a,1
ragged,1
varying,1
uneven,1
inferior,1
although,1
flowers,1
ff1,1
gtch,1
matcha,1
cb1sp,1
spl,1
ochre,1
mahogany,1
sandalwood,1
cedar,1
malted,1
jaggery,1
biscuity,1
spicy,1
wax,1
leather,1
stewed,1
tamarind,1
reflections,1
grassy,1
seaweed,1
hay,1
geranium,1
picking,1
percentage,1
stem,1
camelia,1
vegetative,1
element,1
simulate,1
context,1
rotation,1
juvenile,1
device,1
systematically,1
plastic,1
coir,1
80cm,1
65cm,1
nylon,1
90cm,1
70cm,1
ventilated,1
racks,1
maceration,1
predominantly,1
arrival,1
weighed,1
loaded,1
passed,1
subjecting,1
movement,1
rupture,1
sap,1
accelerating,1
pigmentation,1
variation,1
happens,1
rotorvanes,1
macerate,1
preconditioned,1
arranged,1
moved,1
thickness,1
completeness,1
aerating,1
prediction,1
mastered,1
brings,1
sake,1
tossing,1
exposing,1
steam,1
exceed,1
components,1
guaranteeing,1
miscible,1
obligation,1
eligible,1
badulla,1
hambantota,1
kegalle,1
kurunegala,1
matale,1
moneragala,1
ratnapura,1
succeeded,1
colony,1
1840s,1
1869,1
subsequently,1
wiped,1
decade1,1
witnessing,1
alternative,1
border,1
loolecandera,1
attempts,1
match,1
succeed,1
scant,1
presented,1
hilly,1
geared,1
enterprise,1
needs,1
emerging,1
surpassed,1
successes,1
predecessor,1
revenues,1
cultivation3,1
1815,1
1948,1
nearly,1
english,1
sihala,1
rendering,1
sinhalese,1
arabic,1
serendip,1
serendiv,1
singaldip,1
sinhaladvipa,1
similarly,1
greek,1
sheelan,1
diva,1
salike,1
sinhala,1
sinhalas,1
forms,1
portuguese,1
ceilão,1
spanish,1
ceilán,1
zeilan,1
ceilan,1
seylon,1
french,1
selon,1
ceylan,1
latin,1
zeylan,1
1972,1
constitution,1
remained,1
brands,1
cinnamon,1
indeed,1
1880s4,1
smallholdings,1
328,1
293,1
rpcs,1
dealers,1
386,1
189,1
branched,1
colours,1
saw,1
gartmore,1
knocked,1
10s,1
attempt,1
commercializing,1
took,1
conquer,1
subsidized,1
gave,1
pound,1
trend,1
picked,1
appreciated,1
pallet,1
slowly,1
decreased,1
ceased,1
19825,1
entered,1
articles,1
advertisements,1
1881,1
awarded,1
merit,1
melbourne,1
awards,1
pekoes,1
spare,1
enthusiasm,1
impressive,1
queenslander,1
featured,1
advertised,1
receiving,1
recently,1
city,1
experts,1
article,1
hammer,1
1896,1
advocating,1
empire,1
expositions,1
chicago,1
1893,1
paris,1
brands7,1
1932,1
privately,1
funded,1
initiative,1
ran,1
itinerant,1
caravan,1
service,1
abroad,1
offices,1
world8,1
title,1
tangy,1
australian,1
1967,1
trove,1
library,1
participated,1
centres,1
1946,1
1953,1
hosted,1
beautiful,1
subjects,1
1982,1
olympic,1
brisbane,1
games9,1
1960s,1
badge,1
complemented,1
3kgs,1
106,1
reaches,1
constant,1
milestone,1
upheld,1
invitation,1
201710,1
australia11,1
formerly,1
twitter,1
kicks,1
turkey12,1
2015,1
team13,1
attracted,1
spectators,1
coverage,1
sports,1
events14,1
sponsor,1
cultures,1
effort,1
kicked,1
28th,1
worldfood,1
celebrations,1
highlighting,1
culture15,1
organized,1
market16,1
batsmen,1
kumar,1
sangakkara,1
mahela,1
jayawardene,1
play,1
indies,1
kingston,1
jamaica,1
jersey,1
symbol17,1
chapter,1
gets,1
sporty,1
nipun,1
cricketer,1
tried,1
plane,1
door,1
games18,1
sponsors,1
202019,1
moscow20,1
video,1
win,1
trip,1
funding,1
fairs,1
anuga,1
prodexpo,1
gulfood,1
sial,1
canada,1
expo,1
las,1
vegas,1
united,1
africa,1
nigeria,1
taipei,1
taiwan,1
fancy,1
york,1
istanbul,1
foodex,1
arabia,1
relies,1
geography,1
recognizable,1
north,1
latitude,1
longitude,1
extends,1
gradient,1
altitudes,1
1200,1
refer,1
namely,1
signification,1
feature,1
intermediate,1
distinctly,1
pics,1
rainfalls,1
paced,1
rains,1
divider,1
distributions,1
affect,1
rainless,1
solar,1
radiation,1
sunshine,1
defines,1
panabokke,1
kannangara,1
grows,1
experiencing,1
variations,1
generate,1
oriented,1
towards,1
auctioning,1
manually,1
master,1
foster,1
bushes22,1
network,1
gradually,1
logistic,1
dying,1
art,1
industrialized,1
acclimatized,1
relative,1
revolutions,1
technological,1
constantly,1
springing,1
half,1
theory,1
2nd,1
1931,1
remain,1
machineries,1
patrimonial,1
craftsmen,1
craft,1
consolidated,1
deals,1
technologist,1
keegel,1
published,1
1958,1
counts,1
handbook,1
guide,1
instrumental,1
thoroughly,1
executed,1
sensitive,1
lengthen,1
sunny,1
speeds,1
tributary,1
evaluating,1
stretches,1
extensive,1
showcases,1
contributes,1
truthful,1
somerville,1
merchant,1
sterling,1
rupee,1
shareholders,1
teams,1
sides,1
attended,1
overseen,1
associations,1
1839,1
traders,1
1894,1
continued,1
platform,1
steer,1
specificity,1
evident,1
tastes,1
defects,1
consequently,1
advise,1
recognise,1
characters,1
defenders,1
bergamot,1
botanicals,1
recent,1
customers,1
requests,1
smell,1
tradition,1
sheets,1
testimonies,1
document,1
lists,1
decide,1
replicate,1
encapsulate,1
give,1
sensation,1
acidity,1
find,1
exchanges,1
compelled,1
outputs,1
collecting,1
sourced,1
serving,1
middleman,1
communicate,1
bookkeeping,1
send,1
refuse,1
gathered,1
tagged,1
intermediaries,1
distributors,1
ready,1
broker,1
collects,1
modify,1
middlemen,1
buy,1
batches,1
previously,1
authorization,1
submit,1
minister,1
approval,1
parliament,1
delegates,1
validates,1
budget,1
quarter,1
formations,1
campaigns,1
department,1
supervising,1
assistant,1
commissioners,1
inspect,1
plots,1
supervised,1
jayewardenepura,1
kotte,1
responsibilities,1
conflicting,1
sets,1
constraint,1
sent,1
impose,1
conformity,1
drafted,1
coordination,1
request,1
governance,1
consult,1
status,1
informs,1
unusual,1
unanticipated,1
designing,1
sma,1
hol,1
registra3o,1
planta3o,1
mpany,1
ies,1
leavescarriedper,1
tories,1
3ty,1
blish,1
onl,1
quan3ty,1
gard,1
mall,1
oldings,1
toryrecording,1
leaveco,1
ted,1
ollectors,1
toryand,1
invoicenumberof,1
customs,1
auc3on,1
inf,1
orma3c,1
inv,1
ctory,1
quan7,1
rade,1
tors,1
upplier,1
leavesreceived,1
exporta3on,1
9eoe5o,1
qqored,1
eeqa,1
a8d,1
esn,1
6lurgl6r0rd,1
6ll6dsn,1
comment,1
ihn,1
0jn6lu,1
jili,1
ori,1
slslirs,1
trka,1
rijquinements,1
ror,1
cood,1
acrtcrull,1
urt,1
pll,1
clices,1
taiit,1
ls2j,1
5a65rdo5,1
aeoobij,1
a8a9,1
66geca,1
0so6,1
ooj,1
o5r6tc5r,1
6re5r,1
ile,1
studro56,1
rl6n0ltr,1
scpiulcdr,1
5do,1
alrgr,1
rrlmdld,1
trrd,1
lrdkr,1
shndrrd,1
9e4,1
qua56,1
ourq3,1
qrce,1
astaniiards,1
insiiiution,1
vic,1
oria,1
flac,1
vrtrca,1
aolollttso,1
a96,1
e6ier,1
frado,1
655,1
ace,1
croa,1
qddoil,1
odoc,1
oqsu6r,1
ssoa,1
odr,1
ciob,1
adse,1
c6r,1
qns6,1
6aij,1
6cs,1
doob,1
6oii,1
5dq,1
cte6,1
16r,1
soob,1
11306,1
e5o,1
ocrrgoobsr,1
cc69,1
6oi,1
oailoo,1
ol5,1
stoos,1
5rg,1
de6,1
rea,1
oad,1
lhi,1
dnft,1
srilbka,1
srmdard,1
ben,1
prepatrd,1
thesrllanki,1
sraidords,1
hsrixtrioi,1
atd,1
tro,1
bci,1
ciruletd,1
lor,1
techi,1
ictrl,1
commenb,1
ponies,1
rcccived,1
considcrcd,1
rnd,1
dran,1
necc,1
ary,1
belorc,1
coutrcil,1
ln4iturion,1
rhroulh,1
thc,1
rclcvan,1
divkion,1
connne,1
lppccist,1
dny,1
views,1
rhh,1
lvhicli,1
sem,1
belbr,1
rhe,1
sn4iiiql,1
drre,1
aso,1
hclptulilrhose,1
lvho,1
fird,1
dnn,1
scn,1
accupkblc,1
ltindlt,1
norily,1
rconmunicalionsshould,1
sbnd,1
lni,1
irution,1
victoria,1
elvitigala,1
mawatha,1
foreword,1
sectoral,1
council,1
benefiting,1
prime,1
constitutes,1
life,1
regime,1
divergences,1
necessitating,1
practitioners,1
agricul,1
tural,1
gaps,1
procurement,1
accepted,1
pillars,1
feasibility,1
acceptability,1
provisions,1
1957,1
1993,1
1942,1
licensing,1
1979,1
1999,1
1951,1
1937,1
907,1
children,1
1956,1
framed,1
thereunder,1
assistance,1
fao,1
bureau,1
indian,1
gratefully,1
acknowledged,1
prescribes,1
utilization,1
absolve,1
corporate,1
fulfilling,1
gmos,1
143,1
worn,1
removal,1
declared,1
returns,1
cultivating,1
scientific,1
spices,1
beverages,1
conversion,1
resort,1
adherence,1
carbonated,1
essences,1
individuals,1
groups,1
converting,1
meeting,1
concerns,1
holistic,1
interrelationship,1
sequence,1
distribution,1
ability,1
affirm,1
intention,1
review,1
strive,1
relation,1
obligations,1
commit,1
ethical,1
diligence,1
accountable,1
resources,1
wastes,1
wast,1
constitute,1
categorized,1
unacceptable,1
pose,1
evaluated,1
deforested,1
comparable,1
months,1
elapse,1
transgenic,1
progenies,1
mother,1
potting,1
alternate,1
possess,1
undesirable,1
elimination,1
involve,1
shal,1
nurseries,1
sheltered,1
transplanting,1
excavated,1
rehabilitated,1
banks,1
grasses,1
wooden,1
polythene,1
approvals,1
sloping,1
distance,1
catchment,1
ravine,1
reservoir,1
regenerative,1
mapping,1
degradation,1
shading,1
preference,1
shelter,1
rehabilitation,1
prophylactic,1
integrating,1
landscape,1
calendar,1
utilized,1
deploying,1
disturbance,1
road,1
ravines,1
drain,1
edges,1
terrestrial,1
formulations,1
leguminous,1
applicators,1
bas,1
analyses,1
dose,1
optimizing,1
compost,1
biochar,1
activit,1
provision,1
microbes,1
normal,1
maximize,1
promotes,1
cro,1
untreated,1
cases,1
probability,1
composting,1
slope,1
dates,1
stock,1
physically,1
accordingly,1
covered,1
ground,1
sludge,1
municipal,1
fortified,1
nitrate,1
pollutants,1
ipns,1
user,1
saving,1
fertigation,1
advice,1
sourcing,1
explored,1
whenever,1
larly,1
diseased,1
pods,1
disinfected,1
productive,1
infilling,1
vigilance,1
registrar,1
disallowed,1
quarantine,1
drift,1
accuracy,1
transferred,1
downs,1
obsolete,1
limitations,1
destinating,1
restriction,1
dealing,1
posed,1
applicator,1
gear,1
strictly,1
labels,1
securely,1
drones,1
exact,1
ingredients,1
target,1
utmost,1
exceeded,1
fallow,1
stores,1
secured,1
retain,1
deal,1
accidental,1
keys,1
handle,1
numbers,1
nearest,1
avail,1
immediate,1
readily,1
liquids,1
dangers,1
doors,1
formalized,1
returned,1
disposing,1
expressed,1
pierced,1
dented,1
premise,1
weatherproof,1
destruction,1
root,1
starch,1
resting,1
cycle,1
dolomite,1
imparted,1
engaged,1
tipping,1
filling,1
vacancy,1
estimation,1
dur,1
ing,1
desig,1
ned,1
falsification,1
weights,1
reusable,1
ersonal,1
sensitized,1
behaviour,1
belongings,1
obtaining,1
unwanted,1
elevated,1
sheds,1
storing,1
aerated,1
ones,1
heating,1
transit,1
feeds,1
shed,1
sunlight,1
compacting,1
describing,1
rejection,1
truck,1
improper,1
possibility,1
rodents,1
damp,1
mold,1
adulterations,1
certificates,1
fore,1
ign,1
gmp,1
prod,1
uct,1
ceilings,1
overhead,1
achieved,1
uality,1
easy,1
room,1
recontamination,1
infestation,1
performed,1
changed,1
chewing,1
confined,1
foot,1
baths,1
washrooms,1
soap,1
sanitizer,1
disposable,1
towels,1
driers,1
glass,1
compressed,1
unpackaged,1
fumigants,1
stairs,1
sanitary,1
instructing,1
returning,1
lockable,1
ushing,1
tearing,1
curling,1
rejected,1
routinely,1
correctly,1
heaters,1
burning,1
display,1
mentioning,1
languages,1
understood,1
technical,1
transferring,1
blanching,1
chances,1
humidification,1
reviewed,1
haccp,1
incoming,1
inspected,1
spillages,1
instruments,1
repair,1
filings,1
spoilage,1
isolation,1
rework,1
traded,1
supervisors,1
calibrating,1
wholesomeness,1
contractual,1
agreement,1
supplies,1
honoured,1
verify,1
ease,1
compromise,1
straps,1
odours,1
leak,1
proof,1
drivers,1
vehicle,1
containerized,1
locked,1
personne,1
traced,1
attractions,1
plans,1
bait,1
traps,1
baits,1
detailed,1
solvents,1
oils,1
detergents,1
codes,1
analyzed,1
statement,1
medically,1
screened,1
risky,1
notify,1
anyone,1
communicable,1
render,1
unfit,1
destined,1
language,1
supported,1
permanent,1
snake,1
bites,1
flood,1
undertaking,1
lar,1
checks,1
protocols,1
documenting,1
healt,1
incidents,1
occurrences,1
compliances,1
reporting,1
mandated,1
compensation,1
equipments,1
jobs,1
workplace,1
skin,1
cuts,1
confinement,1
habitable,1
amenities,1
justice,1
certify,1
injustice,1
violation,1
engage,1
decent,1
performing,1
religion,1
race,1
political,1
opinion,1
nationality,1
contractors,1
injuries,1
occurring,1
course,1
inherent,1
verified,1
documentation,1
names,1
forests,1
patches,1
watersheds,1
vegetation,1
grow,1
restrict,1
hunting,1
kilometers,1
corridor,1
communication,1
managers,1
ecological,1
religious,1
delineated,1
preserved,1
restoration,1
trends,1
always,1
conscious,1
eia,1
understand,1
requested,1
surveys,1
optimisation,1
outreach,1
residents,1
monitor,1
segregation,1
composted,1
conditioning,1
household,1
communities,1
discharge,1
wastewater,1
rivers,1
waterbodies,1
overnight,1
synthetic,1
preservative,1
fumigant,1
tre,1
ated,1
virgin,1
legibly,1
indelibly,1
decipherable,1
net,1
complaints,1
remedial,1
notifying,1
originally,1
certified,1
completed,1
extent,1
settlements,1
buffer,1
keep,1
retained,1
accessible,1
audited,1
practitioner,1
boundaries,1
gps,1
connection,1
protectio,1
elevational,1
bought,1
inter,1
reclaimable,1
stocks,1
selling,1
repairs,1
container,1
seller,1
stacking,1
scales,1
supervisory,1
dehumidification,1
annum,1
channels,1
procure,1
processer,1
declare,1
