id,title,publisher,year,type,url,categories,summary,license_notes,stability
SLTEA-001,View All Publications,Tea Research Institute of Sri Lanka (TRI),n.d.,HTML (portal),https://www.tri.lk/view-all-publications/,cultivar;region;processing;plucking standards;disease/pests;quality;sustainability;history,"Portal indexing many TRI publications (advisory circulars, guidelines, reports). Best entry-point for a Sri Lanka–specific tea corpus.",Assume copyright unless an explicit license is stated on the site or inside each PDF. Check PDF front matter + site terms.,High (official TRI domain)
SLTEA-002,Guidelines on Plucking (TRI Advisory Circular HP 04/03),Tea Research Institute of Sri Lanka (TRI),2003,PDF,https://www.tri.lk/wp-content/uploads/2020/02/TRI_HP04e.pdf,plucking standards;quality,"Official plucking guidance (shoot standards, plucking rounds, quality impacts).",Likely copyrighted; verify in-PDF and TRI site terms.,High
SLTEA-003,Suitability of Tea Clones for Different Regions (TRI Advisory Circular PN 01),Tea Research Institute of Sri Lanka (TRI),2002,PDF,https://www.tri.lk/wp-content/uploads/2020/02/TRI_Advisory_Ciculars_PN_01.pdf,cultivar;region;quality,Clone/region suitability guidance (useful for cultivar-by-region knowledge).,Likely copyrighted; verify in-PDF and TRI site terms.,High
SLTEA-004,Chemical Control of Diseases (TRI Advisory Circular PU 03/11),Tea Research Institute of Sri Lanka (TRI),2011,PDF,https://dl-tri.nsf.gov.lk/bitstreams/29648ead-4d7c-4ff0-a10a-87c85b8f8186/download,disease/pests;quality;sustainability,"TRI’s official chemical disease control guidance for tea (active ingredients, practices, constraints).",Likely copyrighted; verify in-PDF and repository terms.,High (official repository)
SLTEA-005,Pesticide Use (TRI circular / guidance; repository PDF),Tea Research Institute of Sri Lanka (TRI),n.d. (TRI repository posting indicates ~2014),PDF,https://dl-tri.nsf.gov.lk/bitstreams/1b123afb-c7e7-4359-b922-f4788e91698a/download,disease/pests;quality;trade;sustainability,TRI guidance on pesticide usage with residue-compliance context (MRLs).,Assume copyrighted unless stated; check PDF + repository terms.,High
SLTEA-006,Guidelines for Establishment of Tea to Facilitate Mechanization (TRISL Guideline 03/2019),Tea Research Institute of Sri Lanka (TRI),2019,PDF,https://www.tri.lk/wp-content/uploads/2020/02/TRISL_Guideline_03_2019e_Dec2019.pdf,production;sustainability;economics;quality,"Field/estate establishment guidance enabling mechanized operations (layout, planting, management).",Likely copyrighted; verify in-PDF and TRI site terms.,High
SLTEA-007,Factors in Tea Manufacture (TRI technical monograph; repository PDF),Tea Research Institute of Sri Lanka (TRI),n.d.,PDF,https://dl-tri.nsf.gov.lk/bitstreams/5d3db5c2-6688-44bc-a024-30d036cd864d/download,processing;quality,Technical content on tea manufacture factors and their impacts on quality.,Assume copyrighted unless stated; check PDF + repository terms.,High
SLTEA-008,Tea Statistics,Sri Lanka Tea Board (SLTB),n.d.,HTML (dashboard),https://srilankateaboard.lk/tea-statistics/,economics;trade;region;grades/sales,Official Sri Lanka Tea Board statistics portal (production/sales/export/price series).,"Check SLTB site terms for reuse; for RAG citations, store snapshots/PDF exports where possible.",High
SLTEA-009,Monthly Tea Statistics – June 2022 (example in SLTB monthly series),Sri Lanka Tea Board (SLTB),2022,PDF,https://srilankateaboard.lk/wp-content/uploads/2022/12/Monthly-Tea-Statistics-%E2%80%93-June-2022.pdf,economics;trade;region;grades/sales,Structured monthly statistical tables (repeatable format; good for grounding numeric answers).,Likely copyrighted; check PDF + SLTB terms.,High
SLTEA-010,Revised Tea Production 2024 (Monthly),Sri Lanka Tea Board (SLTB),2024,PDF,https://srilankateaboard.lk/wp-content/uploads/2025/04/Revised-Tea-Production-2024-Monthly.pdf,economics;region;processing,Monthly production breakdowns for 2024; useful for trend and verification questions.,Likely copyrighted; check PDF + SLTB terms.,High
SLTEA-011,Sri Lanka Tea Board Standards for Sri Lankan Origin Teas,Sri Lanka Tea Board (SLTB),2021,PDF,https://srilankateaboard.lk/wp-content/uploads/2021/04/Sri_Lanka_Tea_Board_Standards_for_Sri_Lankan_Origin_Teas.pdf,quality;grades/standards;trade/compliance,Minimum quality standards and compliance framing (aligns to ISO black tea requirements).,Likely copyrighted; check PDF + SLTB terms.,High
SLTEA-012,Sri Lanka Tea Board Standards for Sri Lankan Origin Teas (compressed/annex pack),Sri Lanka Tea Board (SLTB),2024 (posting),PDF,https://srilankateaboard.lk/wp-content/uploads/2024/11/02_Sri-Lanka-Tea-Board-Standads-for-Sri-Lankan-Origin-Teas_compressed.pdf,quality;trade;disease/pests,Operational standards pack; often includes residue/MRL-related annexures and references to TRI guidance.,Likely copyrighted; check PDF + SLTB terms.,High
SLTEA-013,Specification – Ceylon tea,Sri Lanka Tea Board (SLTB),2024 (posting),PDF,https://srilankateaboard.lk/wp-content/uploads/2024/11/Specification-Ceylon-tea.pdf,region;history;processing;quality;trade/branding,"Defines Ceylon tea identity, geography/altitude context, processing/quality expectations and branding rules.",Likely copyrighted; check PDF + SLTB terms.,High
SLTEA-014,DSLS-GAP-TEA (Draft Sri Lanka Standard: Good Agricultural Practices – Tea),Sri Lanka government / standards draft (hosted on Plantation & Community Infrastructure Ministry site),2025,PDF,https://plantation.gov.lk/images/2025/News_Alert/DSLS-GAP-TEA.pdf,sustainability;quality;disease/pests;processing;compliance,Draft GAP requirements across tea cultivation and handling; useful for compliance language and best-practice checklists.,Draft states copyright reserved. Use for citation/quoting carefully; don’t redistribute without permission.,"Medium-High (gov domain, but draft docs can move)"
SLTEA-015,UN Comtrade+ TradeFlow (HS 0902 Tea),United Nations (UN Comtrade+),ongoing,Web dataset (query/export/API),https://comtradeplus.un.org/TradeFlow,trade;economics,"Authoritative global trade flows; supports Sri Lanka tea export/import series by partner, product code, and time.",Use Comtrade’s license/terms; store terms page + citation format in your repo.,High
